scene,village_id,lbs_ha,precision_pct,recall_pct
BANGLI_SUSUT,V01,166.4,92.9,95.3
BANGLI_SUSUT,V02,172.0,91.8,96.6
BANGLI_SUSUT,V03,136.7,91.2,94.9
BANGLI_SUSUT,V04,50.8,90.3,95.5
BANGLI_SUSUT,V05,80.6,89.4,91.2
BANGLI_SUSUT,V06,149.8,90.9,93.2
BANGLI_SUSUT,V07,131.3,89.1,92.7
BANGLI_SUSUT,V08,15.4,96.6,95.2
KULONPROGO_GALUR,V01,274.5,94.8,60.3
KULONPROGO_GALUR,V02,98.3,95.2,97.5
KULONPROGO_GALUR,V03,244.6,93.4,60.6
KULONPROGO_GALUR,V04,108.0,90.5,96.3
KULONPROGO_GALUR,V05,91.4,92.4,94.9
KULONPROGO_GALUR,V06,71.9,94.3,94.9
KULONPROGO_GALUR,V07,296.8,94.9,95.8
LEUWIDAMAR,V01,75.4,76.7,90.8
LEUWIDAMAR,V02,128.0,77.1,84.5
LEUWIDAMAR,V03,262.1,74.9,95.0
LEUWIDAMAR,V04,122.4,76.1,94.6
LEUWIDAMAR,V05,130.0,65.6,91.2
LEUWIDAMAR,V06,20.1,71.6,34.3
LEUWIDAMAR,V07,73.5,74.1,85.0
LEUWIDAMAR,V08,97.3,75.8,90.8
LEUWIDAMAR,V09,118.0,85.4,96.9
LEUWIDAMAR,V10,233.4,80.8,96.6
LEUWIDAMAR,V11,66.0,69.4,86.0
LEUWIDAMAR,V12,71.7,75.2,77.0
SITUBONDO_SITUBONDO,V01,26.3,66.3,87.4
SITUBONDO_SITUBONDO,V02,49.7,65.3,52.7
SITUBONDO_SITUBONDO,V03,50.4,44.8,73.0
SITUBONDO_SITUBONDO,V04,256.0,56.2,93.8
SITUBONDO_SITUBONDO,V05,97.3,71.0,34.4
SITUBONDO_SITUBONDO,V06,299.2,61.2,96.5
Tangerang_Sepatan_Timur,V01,153.1,93.7,99.0
Tangerang_Sepatan_Timur,V02,84.1,82.7,93.9
Tangerang_Sepatan_Timur,V03,101.1,84.3,94.2
Tangerang_Sepatan_Timur,V04,132.1,95.2,94.3
Tangerang_Sepatan_Timur,V05,186.8,92.2,89.0
Tangerang_Sepatan_Timur,V06,64.9,88.1,93.7
Tangerang_Sepatan_Timur,V07,116.0,96.1,96.9
Tangerang_Sepatan_Timur,V08,80.1,76.6,96.8
