scene,class_code,class_name,ha_inside_lbs
BANGLI_SUSUT,1,Sawah,822.9
BANGLI_SUSUT,3,Tegalan,7.2
BANGLI_SUSUT,4,KebunCampuran,12.0
BANGLI_SUSUT,6,TubuhAir,0.2
BANGLI_SUSUT,7,Permukiman,9.0
BANGLI_SUSUT,10,TanahTerbuka,0.0
BANGLI_SUSUT,11,LainLain,51.9
KULONPROGO_GALUR,1,Sawah,1114.0
KULONPROGO_GALUR,2,Tebu,3.0
KULONPROGO_GALUR,3,Tegalan,4.8
KULONPROGO_GALUR,11,LainLain,63.8
LEUWIDAMAR,1,Sawah,1062.9
LEUWIDAMAR,3,Tegalan,0.3
LEUWIDAMAR,4,KebunCampuran,22.1
LEUWIDAMAR,6,TubuhAir,5.5
LEUWIDAMAR,7,Permukiman,1.6
LEUWIDAMAR,10,TanahTerbuka,0.1
LEUWIDAMAR,11,LainLain,305.2
SITUBONDO_SITUBONDO,1,Sawah,468.7
SITUBONDO_SITUBONDO,2,Tebu,261.2
SITUBONDO_SITUBONDO,3,Tegalan,0.6
SITUBONDO_SITUBONDO,7,Permukiman,4.8
SITUBONDO_SITUBONDO,9,TanamanTahunan,11.9
SITUBONDO_SITUBONDO,10,TanahTerbuka,6.5
SITUBONDO_SITUBONDO,11,LainLain,25.2
Tangerang_Sepatan_Timur,1,Sawah,826.2
Tangerang_Sepatan_Timur,3,Tegalan,0.4
Tangerang_Sepatan_Timur,4,KebunCampuran,0.1
Tangerang_Sepatan_Timur,5,SemakBelukar,3.7
Tangerang_Sepatan_Timur,6,TubuhAir,1.6
Tangerang_Sepatan_Timur,7,Permukiman,15.0
Tangerang_Sepatan_Timur,10,TanahTerbuka,15.4
Tangerang_Sepatan_Timur,11,LainLain,55.8
